{
    "accuracy": 0.7436197916666667,
    "loss": 0.5287277698516846
}