{
    "accuracy": 0.7333854166666667,
    "loss": 0.5470252633094788
}