{
    "accuracy": 0.7444791666666667,
    "loss": 0.5277076363563538
}