{
    "accuracy": 0.7445833333333334,
    "loss": 0.5271527767181396
}