{
    "accuracy": 0.7429427083333333,
    "loss": 0.5297242403030396
}