{
    "accuracy": 0.7349479166666667,
    "loss": 0.552670955657959
}