{
    "accuracy": 0.7459895833333333,
    "loss": 0.5268514752388
}