{
    "accuracy": 0.7415104166666666,
    "loss": 0.5288935899734497
}