{
    "accuracy": 0.7446354166666667,
    "loss": 0.5281343460083008
}