{
    "accuracy": 0.7402864583333333,
    "loss": 0.5383399724960327
}