{
    "accuracy": 0.7452864583333333,
    "loss": 0.5269159078598022
}