{
    "accuracy": 0.7426041666666666,
    "loss": 0.5276974439620972
}