{
    "accuracy": 0.7448958333333333,
    "loss": 0.5274274945259094
}