{
    "accuracy": 0.7415364583333334,
    "loss": 0.5295537114143372
}