{
    "accuracy": 0.7415254237288136,
    "loss": 0.5290484428405762
}