{
    "accuracy": 0.738082627118644,
    "loss": 0.5283108353614807
}