{
    "accuracy": 0.7388541666666667,
    "loss": 0.5361895561218262
}