{
    "accuracy": 0.744765625,
    "loss": 0.5276132225990295
}