{
    "accuracy": 0.7215625,
    "loss": 0.5767592191696167
}