{
    "accuracy": 0.7215104166666667,
    "loss": 0.5767456889152527
}