{
    "accuracy": 0.745234375,
    "loss": 0.5259921550750732
}