{
    "accuracy": 0.7443110318791947,
    "loss": 0.5254489779472351
}