{
    "accuracy": 0.7446125209731543,
    "loss": 0.5262934565544128
}