{
    "accuracy": 0.745452880859375,
    "loss": 0.5259081125259399
}