{
    "accuracy": 0.7428125,
    "loss": 0.5285098552703857
}