{
    "accuracy": 0.744609375,
    "loss": 0.5264523029327393
}