{
    "accuracy": 0.739765625,
    "loss": 0.5344985127449036
}