{
    "accuracy": 0.7445833333333334,
    "loss": 0.5292656421661377
}