{
    "accuracy": 0.5676822916666666,
    "loss": 0.6845684051513672
}