{
    "accuracy": 0.5676822916666666,
    "loss": 0.6847734451293945
}